40;;;90;;;140;;;190;;;240;;;290;
;;;;;;;;;;;;;;;;
;;;;;;;;;;;;;;;;
t (s);V (mV);;t (s);V (mV);;t (s);V (mV);;t (s);V (mV);;t (s);V (mV);;t (s);V (mV)
0.00;6.7627;;0;7.4805;;0;3.4915;;0;8.124;;0;9.0605;;0;10.9026
0.967;6.7286;;1;7.4615;;1.001;3.4804;;0.969;8.1226;;0.964;9.057;;1.05;10.8983
1.9;6.6891;;2.001;7.449;;2;3.4689;;1.901;8.1208;;1.946;9.0511;;2.099;10.8894
2.862;6.651;;3.001;7.4258;;3;3.456;;2.864;8.117;;2.946;9.0443;;3.15;10.8858
3.861;6.6031;;4.001;7.3997;;4;3.4431;;3.83;8.111;;3.947;9.0357;;4.183;10.8772
4.86;6.5739;;5.001;7.3784;;5.001;3.4307;;4.829;8.1025;;4.946;9.0283;;5.184;10.8706
5.86;6.5245;;6.001;7.3586;;6;3.4176;;5.829;8.0934;;5.946;9.0185;;6.184;10.8639
6.861;6.4896;;7;7.3523;;7.001;3.4037;;6.829;8.0843;;6.947;9.0092;;7.184;10.8552
7.86;6.4382;;8.001;7.3239;;8.001;3.3896;;7.83;8.0744;;7.946;9;;8.184;10.8482
8.86;6.4075;;9.005;7.3151;;9;3.3747;;8.829;8.0638;;8.947;8.9902;;9.184;10.8397
9.861;6.3723;;10;7.2974;;10;3.3602;;9.83;8.0553;;9.947;8.9798;;10.183;10.8305
10.86;6.3323;;11;7.2928;;11;3.3462;;10.829;8.0445;;10.946;8.9687;;11.183;10.8241
11.86;6.2866;;12.001;7.2543;;12;3.3324;;11.83;8.0337;;11.946;8.96;;12.184;10.817
12.861;6.2508;;13;7.2415;;13.001;3.3171;;12.83;8.0238;;12.947;8.9488;;13.183;10.8091
13.861;6.2095;;14.001;7.2158;;14;3.3039;;13.83;8.0127;;13.947;8.9381;;14.184;10.7997
14.86;6.1762;;15.001;7.2035;;15.001;3.2899;;14.829;8.0028;;14.946;8.9293;;15.183;10.7917
15.861;6.1375;;16;7.1768;;16;3.275;;15.829;7.9917;;15.947;8.9194;;16.184;10.7846
16.861;6.0995;;17;7.1497;;17;3.2607;;16.83;7.9822;;16.947;8.9093;;17.184;10.7748
17.86;6.0671;;18.001;7.1347;;18.001;3.2464;;17.829;7.971;;17.946;8.9003;;18.184;10.7673
18.86;6.0252;;19;7.1064;;19;3.2314;;18.829;7.9614;;18.947;8.8896;;19.184;10.7587
19.861;5.9883;;20.001;7.0995;;20.001;3.2177;;19.829;7.9516;;19.947;8.8791;;20.184;10.7494
20.86;5.9558;;21.001;7.0718;;21.001;3.2046;;20.829;7.9392;;20.947;8.8697;;21.183;10.7398
21.86;5.9166;;22;7.0548;;22;3.1894;;21.829;7.9289;;21.946;8.8588;;22.183;10.73
22.86;5.8766;;23;7.0354;;23.001;3.176;;22.83;7.9184;;22.947;8.8483;;23.183;10.7206
23.861;5.8352;;24.001;7.0112;;24.001;3.1611;;23.83;7.9077;;23.946;8.8371;;24.183;10.7121
24.861;5.8019;;25.001;6.9912;;25.001;3.1465;;24.829;7.8977;;24.947;8.8267;;25.183;10.7026
25.86;5.7749;;26.001;6.9766;;26.001;3.1326;;25.83;7.8874;;25.947;8.8166;;26.184;10.6943
26.86;5.736;;27.005;6.9459;;27;3.1182;;26.83;7.8773;;26.946;8.8066;;27.183;10.6842
27.861;5.6992;;28.001;6.9339;;28;3.1045;;27.83;7.8672;;27.951;8.7962;;28.183;10.675
28.86;5.665;;29;6.9155;;29;3.0901;;28.829;7.8568;;28.947;8.7853;;29.184;10.6658
29.86;5.6506;;30;6.8938;;30.001;3.0766;;29.83;7.8467;;29.946;8.7743;;30.184;10.6574
30.861;5.6025;;31;6.8755;;31;3.0624;;30.829;7.8376;;30.946;8.765;;31.183;10.6475
31.86;5.5756;;32.001;6.8513;;32;3.0477;;31.829;7.8277;;31.946;8.7543;;32.184;10.6391
32.86;5.5323;;33.001;6.8237;;33;3.0344;;32.83;7.818;;32.947;8.7444;;33.184;10.6293
33.86;5.5016;;34;6.815;;34;3.0207;;33.829;7.8081;;33.947;8.734;;34.183;10.6215
34.86;5.4655;;35;6.8044;;35;3.0073;;34.83;7.7986;;34.946;8.724;;35.183;10.6125
35.86;5.4315;;36.001;6.7869;;36;2.9933;;35.829;7.789;;35.946;8.7143;;36.183;10.6042
36.86;5.3965;;37;6.7613;;37.001;2.9801;;36.829;7.7792;;36.946;8.7056;;37.183;10.5944
37.86;5.3691;;38.001;6.7477;;38.001;2.9659;;37.83;7.7695;;37.946;8.6947;;38.182;10.5855
38.86;5.327;;39.001;6.7243;;39;2.9518;;38.829;7.7595;;38.947;8.6848;;39.182;10.5758
39.86;5.3126;;40.001;6.6986;;40.001;2.9384;;39.829;7.75;;39.947;8.6752;;40.182;10.5667
40.86;5.2744;;41;6.6878;;41.001;2.9249;;40.829;7.7409;;40.946;8.6654;;41.183;10.5583
41.86;5.2422;;42;6.6733;;42.001;2.9113;;41.829;7.7312;;41.947;8.6556;;42.183;10.5506
42.86;5.2052;;43;6.662;;43.001;2.8977;;42.83;7.7219;;42.947;8.6463;;43.183;10.5411
43.86;5.1688;;44;6.6293;;44.001;2.8842;;43.829;7.713;;43.947;8.6348;;44.182;10.5314
44.861;5.1384;;45;6.6053;;45.001;2.8715;;44.829;7.7028;;44.947;8.6267;;45.183;10.5234
45.861;5.1101;;46;6.5902;;46.001;2.8581;;45.829;7.6934;;45.947;8.6181;;46.182;10.5138
46.86;5.0787;;47;6.5856;;47.001;2.8459;;46.83;7.7022;;46.946;8.6098;;47.183;10.5048
47.86;5.0503;;48;6.5604;;48.001;2.832;;47.829;7.699;;47.946;8.6015;;48.182;10.4961
48.86;5.0269;;49;6.5467;;49;2.8202;;48.83;7.6892;;48.946;8.5926;;49.183;10.4876
49.861;4.9962;;50;6.5322;;50;2.8075;;49.83;7.6795;;49.947;8.5838;;50.183;10.4788
50.86;4.971;;51.005;6.5117;;51;2.7954;;50.829;7.6694;;50.947;8.5749;;51.182;10.47
51.861;4.9402;;52.001;6.4893;;52.001;2.7827;;51.83;7.6598;;51.946;8.5657;;52.182;10.4612
52.86;4.9109;;53;6.4703;;53.001;2.7689;;52.829;7.6501;;52.947;8.556;;53.183;10.4517
53.86;4.8892;;54;6.4504;;54.001;2.7565;;53.83;7.6395;;53.947;8.5483;;54.183;10.4438
54.861;4.8496;;55;6.433;;55;2.7457;;54.83;7.6305;;54.947;8.5393;;55.182;10.4351
55.86;4.8204;;56;6.4145;;56;2.7324;;55.83;7.6206;;55.946;8.5296;;56.182;10.4276
56.86;4.797;;57.005;6.3837;;57;2.72;;56.83;7.611;;56.947;8.5214;;57.183;10.4185
57.86;4.7609;;58;6.3752;;58;2.7075;;57.829;7.6017;;57.951;8.5146;;58.183;10.4103
58.861;4.7283;;59;6.3517;;59;2.6956;;58.83;7.5924;;58.947;8.504;;59.182;10.4007
59.86;4.6935;;60.001;6.3369;;60;2.6825;;59.829;7.5834;;59.946;8.4958;;60.182;10.3931
60.86;4.6652;;61;6.3315;;61;2.6695;;60.829;7.5743;;60.947;8.4864;;61.182;10.3834
61.86;4.642;;62.001;6.3131;;62;2.6569;;61.829;7.5649;;61.946;8.4793;;62.183;10.375
62.861;4.6014;;63.001;6.2954;;63.001;2.6453;;62.829;7.5565;;62.947;8.47;;63.183;10.3669
63.86;4.5812;;64.001;6.2829;;64.001;2.6333;;63.83;7.5466;;63.946;8.4606;;64.182;10.3583
64.861;4.5471;;65;6.2608;;65;2.6211;;64.829;7.538;;64.947;8.4526;;65.183;10.3497
65.86;4.5218;;66;6.2429;;66;2.6088;;65.829;7.5293;;65.946;8.4447;;66.183;10.3414
66.861;4.4889;;67.001;6.2369;;67.001;2.5967;;66.83;7.5202;;66.947;8.435;;67.182;10.3328
67.86;4.4614;;68.001;6.2205;;68;2.584;;67.829;7.5104;;67.946;8.4275;;68.183;10.3249
68.86;4.4317;;69;6.2024;;69.001;2.5717;;68.83;7.5024;;68.947;8.4192;;69.183;10.3167
69.861;4.4066;;70.001;6.1857;;70;2.56;;69.829;7.4937;;69.946;8.4112;;70.183;10.3081
70.86;4.3757;;71;6.1788;;71;2.5465;;70.829;7.4841;;70.947;8.4027;;71.182;10.3002
71.86;4.3448;;72;6.1662;;72.001;2.5348;;71.829;7.4748;;71.947;8.3948;;72.182;10.2928
72.861;4.3181;;73.001;6.1511;;73;2.523;;72.829;7.4659;;72.947;8.3866;;73.182;10.285
73.86;4.2999;;74;6.1285;;74;2.5107;;73.83;7.4567;;73.946;8.3784;;74.182;10.277
74.861;4.2748;;75;6.1064;;75.001;2.4993;;74.829;7.4478;;74.947;8.3703;;75.182;10.2692
75.86;4.2452;;76.001;6.0916;;76.001;2.4875;;75.829;7.4389;;75.952;8.3609;;76.182;10.2591
76.861;4.2164;;77.001;6.0717;;77.001;2.4758;;76.829;7.4296;;76.947;8.3546;;77.183;10.2519
77.861;4.2033;;78.001;6.0539;;78.001;2.4635;;77.83;7.4205;;77.947;8.3466;;78.183;10.2449
78.86;4.1719;;79.001;6.0402;;79;2.4512;;78.83;7.4112;;78.946;8.3385;;79.182;10.2363
79.86;4.1396;;80;6.0158;;80;2.4391;;79.829;7.4018;;79.946;8.3309;;80.183;10.2283
80.861;4.1157;;81.001;5.9827;;81;2.4284;;80.83;7.3928;;80.947;8.3223;;81.182;10.2208
81.861;4.0843;;82;5.9775;;82;2.4159;;81.83;7.3859;;81.946;8.3154;;82.182;10.2129
82.861;4.0638;;83.001;5.9638;;83;2.405;;82.829;7.3777;;82.947;8.3076;;83.183;10.2052
83.86;4.0473;;84.002;5.9489;;84;2.3922;;83.83;7.3691;;83.947;8.2995;;84.183;10.1975
84.86;4.0119;;85;5.9231;;85;2.381;;84.829;7.3606;;84.946;8.2919;;85.182;10.19
85.86;4.0002;;86;5.91;;86.001;2.3693;;85.83;7.3504;;85.946;8.2846;;86.182;10.1814
86.86;3.9693;;87.005;5.8915;;87.001;2.3575;;86.829;7.3422;;86.946;8.2773;;87.182;10.1741
87.86;3.9419;;88;5.8761;;88.001;2.3459;;87.829;7.3336;;87.946;8.2692;;88.182;10.1663
88.861;3.9265;;89;5.8702;;89;2.3336;;88.83;7.3243;;88.947;8.2619;;89.183;10.1579
89.86;3.9052;;90;5.8509;;90;2.3221;;89.83;7.3154;;89.947;8.2538;;90.183;10.1515
90.86;3.8881;;91;5.8344;;91.001;2.311;;90.83;7.3073;;90.947;8.2468;;91.183;10.1427
91.86;3.8571;;92;5.8262;;92.001;2.3003;;91.83;7.2989;;91.946;8.2386;;92.183;10.1355
92.86;3.8412;;93.006;5.81;;93.001;2.2894;;92.83;7.2896;;92.946;8.2318;;93.183;10.1282
93.861;3.8218;;94.001;5.7914;;94.001;2.2774;;93.83;7.2816;;93.946;8.2239;;94.183;10.1198
94.86;3.8074;;95;5.7758;;95;2.2664;;94.83;7.2585;;94.947;8.2173;;95.183;10.1117
95.86;3.7746;;96.001;5.7566;;96;2.2547;;95.83;7.2612;;95.946;8.2106;;96.183;10.104
96.86;3.7547;;97;5.733;;97;2.244;;96.83;7.2568;;96.946;8.2031;;97.182;10.097
97.86;3.7224;;98;5.7201;;98;2.2321;;97.83;7.2484;;97.946;8.1963;;98.182;10.0893
98.86;3.6941;;99.001;5.7035;;99;2.2213;;98.83;7.2398;;98.946;8.1881;;99.182;10.082
99.86;3.6759;;100.001;5.6862;;100;2.2103;;99.83;7.2321;;99.947;8.1815;;100.183;10.0724
100.861;3.6507;;101.001;5.6764;;101;2.1998;;100.83;7.2232;;100.947;8.1746;;101.182;10.0657
101.86;3.6259;;102.001;5.6645;;102;2.1881;;101.829;7.2145;;101.946;8.1676;;102.182;10.0576
102.86;3.6088;;103.001;5.6475;;103;2.1773;;102.83;7.2068;;102.946;8.1601;;103.182;10.0492
103.86;3.5821;;104.001;5.6322;;104;2.1663;;103.83;7.1973;;103.947;8.1532;;104.183;10.0427
104.861;3.5541;;105;5.6255;;105.001;2.1552;;104.829;7.1892;;104.947;8.1462;;105.183;10.0349
;;;106;5.6113;;106.001;2.1452;;105.829;7.1819;;105.947;8.1395;;106.182;10.0284
;;;107;5.5926;;107.001;2.1344;;106.829;7.173;;106.947;8.1322;;107.183;10.0212
;;;108;5.5766;;108.001;2.1236;;107.829;7.1642;;107.947;8.1247;;108.183;10.0137
;;;109;5.5688;;109;2.1116;;108.83;7.1567;;108.947;8.1195;;109.183;10.0062
;;;110;5.5526;;110;2.1005;;109.829;7.1483;;109.946;8.1135;;110.183;9.9999
;;;111.001;5.5386;;111;2.09;;110.829;7.1411;;110.946;8.1061;;111.184;9.9927
;;;112;5.5261;;112;2.0789;;111.829;7.1327;;111.947;8.0989;;112.183;9.9861
;;;113;5.5211;;113;2.0679;;112.83;7.1241;;112.946;8.0914;;113.184;9.9786
;;;114.001;5.4904;;114;2.0571;;113.829;7.1157;;113.946;8.0844;;114.183;9.9712
;;;115.001;5.4797;;115.001;2.045;;114.829;7.1079;;114.946;8.0772;;115.184;9.9641
;;;116.001;5.4606;;116;2.0346;;115.829;7.0979;;115.947;8.071;;116.184;9.9563
;;;117;5.4488;;117;2.0243;;116.83;7.0892;;116.946;8.0642;;117.184;9.9502
;;;118;5.4459;;118;2.0131;;117.834;7.0812;;117.947;8.0574;;118.184;9.9433
;;;119;5.4481;;119;2.0028;;118.83;7.0699;;118.947;8.0503;;119.183;9.9351
;;;120;5.432;;120.001;1.991;;119.83;7.065;;119.946;8.043;;120.183;9.9277
;;;121;5.4138;;121;1.9808;;120.829;7.058;;120.947;8.0363;;121.184;9.9208
;;;122;5.3908;;122;1.97;;121.829;7.0485;;121.947;8.0289;;122.184;9.9128
;;;123.001;5.3721;;123.001;1.9589;;122.83;7.04;;122.946;8.0229;;123.183;9.9044
;;;124.001;5.3723;;124.001;1.9482;;123.83;7.0428;;123.946;8.0157;;124.184;9.8978
;;;125.001;5.3629;;125.001;1.9364;;124.829;7.0346;;124.947;8.008;;125.184;9.8915
;;;126;5.3402;;126;1.9264;;125.83;7.0286;;125.946;8.0016;;126.183;9.8839
;;;127;5.3265;;127;1.9159;;126.829;7.0207;;126.947;7.9952;;127.183;9.8768
;;;128;5.3126;;128.001;1.9049;;127.83;7.0127;;127.946;7.9873;;128.183;9.8695
;;;129.001;5.2986;;129;1.8954;;128.83;7.0047;;128.947;7.9805;;129.184;9.8631
;;;130;5.2905;;130;1.8836;;129.83;6.9965;;129.952;7.9747;;130.184;9.8548
;;;131;5.2717;;131.001;1.8736;;130.83;6.9876;;130.947;7.9668;;131.184;9.848
;;;132;5.2553;;132;1.8629;;131.829;6.9803;;131.946;7.96;;132.184;9.8419
;;;133;5.2443;;133;1.853;;132.83;6.9728;;132.947;7.9537;;133.183;9.8344
;;;134;5.2225;;134;1.8416;;133.829;6.9636;;133.947;7.9469;;134.183;9.8235
;;;135.001;5.2197;;135;1.8304;;134.83;6.9568;;134.946;7.9406;;135.184;9.8172
;;;136;5.1877;;136;1.8209;;135.83;6.9478;;135.951;7.9341;;136.184;9.8115
;;;137;5.18;;137.001;1.8108;;136.829;6.9401;;136.947;7.9262;;137.183;9.8044
;;;138.001;5.166;;138.001;1.8003;;137.83;6.9319;;137.947;7.9194;;138.183;9.7988
;;;139.001;5.1513;;139;1.7898;;138.829;6.9233;;138.947;7.9119;;139.183;9.7925
;;;140.001;5.1383;;140;1.7794;;139.83;6.915;;139.947;7.9054;;140.183;9.7851
;;;141.005;5.1231;;141;1.7688;;140.829;6.9075;;140.947;7.8996;;141.183;9.7784
;;;142;5.1009;;142;1.7587;;141.829;6.899;;141.946;7.8916;;142.184;9.7724
;;;143;5.0831;;143.001;1.7478;;142.829;6.8927;;142.946;7.8849;;143.183;9.7661
;;;144;5.0892;;144;1.7378;;143.83;6.8845;;143.946;7.8772;;144.184;9.7585
;;;145;5.0733;;145;1.7282;;144.829;6.8762;;144.946;7.8709;;145.184;9.7518
;;;146;5.0592;;146;1.7175;;145.829;6.8685;;145.946;7.8641;;146.183;9.7466
;;;147;5.0504;;147;1.7072;;146.829;6.8604;;146.947;7.8562;;147.184;9.7387
;;;148;5.0419;;;;;147.83;6.8523;;147.947;7.85;;148.183;9.7327
;;;149;5.0369;;;;;148.83;6.8449;;148.946;7.8429;;149.184;9.7257
;;;150.001;5.0136;;;;;149.83;6.8374;;149.946;7.8356;;150.184;9.7184
;;;151;4.9981;;;;;150.83;6.8294;;150.946;7.8285;;151.184;9.7131
;;;152;4.9803;;;;;151.83;6.8216;;151.947;7.8212;;152.183;9.7068
;;;153.005;4.9673;;;;;152.83;6.8141;;152.946;7.8154;;153.184;9.7014
;;;154;4.9602;;;;;153.829;6.806;;153.946;7.8084;;154.183;9.6946
;;;155;4.9523;;;;;154.83;6.799;;154.947;7.8004;;155.184;9.6879
;;;156.001;4.9477;;;;;155.83;6.791;;155.946;7.794;;156.183;9.6778
;;;157.001;4.9364;;;;;156.83;6.783;;156.946;7.7869;;157.184;9.6724
;;;158;4.9188;;;;;157.829;6.7767;;157.947;7.7809;;158.184;9.6674
;;;159.005;4.8907;;;;;158.83;6.7684;;158.947;7.7744;;159.184;9.6609
;;;160;4.8823;;;;;159.829;6.7606;;159.946;7.7664;;160.183;9.6548
;;;161;4.8735;;;;;160.829;6.7533;;160.946;7.7588;;161.184;9.6481
;;;162;4.8625;;;;;161.83;6.7451;;161.947;7.7521;;162.184;9.6414
;;;163.001;4.8617;;;;;162.829;6.7372;;162.947;7.7455;;163.183;9.6348
;;;164.001;4.8384;;;;;163.83;6.73;;163.947;7.7379;;164.184;9.6286
;;;165.005;4.821;;;;;164.83;6.7219;;164.947;7.7299;;165.184;9.6222
;;;166;4.8191;;;;;165.829;6.7147;;165.947;7.7241;;166.184;9.6156
;;;167;4.8062;;;;;166.83;6.7074;;166.947;7.7173;;167.184;9.608
;;;168.001;4.7925;;;;;167.831;6.6997;;167.946;7.7098;;168.184;9.6013
;;;169.001;4.7934;;;;;168.83;6.693;;168.947;7.7026;;169.184;9.5954
;;;170;4.7821;;;;;169.829;6.6853;;169.947;7.6955;;170.184;9.5884
;;;171.001;4.7674;;;;;170.83;6.6782;;170.946;7.688;;171.184;9.5815
;;;172;4.7493;;;;;171.829;6.6712;;171.947;7.6808;;172.184;9.5734
;;;173;4.7276;;;;;172.83;6.6631;;172.946;7.6744;;173.184;9.5667
;;;174.001;4.7251;;;;;173.83;6.6555;;173.947;7.667;;174.184;9.5613
;;;175.001;4.7192;;;;;174.829;6.6489;;174.946;7.6583;;175.184;9.5552
;;;176;4.7077;;;;;175.83;6.6402;;175.947;7.6528;;176.183;9.549
;;;177.001;4.6815;;;;;176.83;6.6341;;176.946;7.6446;;177.184;9.5429
;;;178;4.6716;;;;;177.829;6.6277;;177.947;7.638;;178.184;9.5375
;;;179.001;4.6612;;;;;178.83;6.6188;;178.946;7.6298;;179.183;9.5317
;;;180;4.6554;;;;;179.83;6.6121;;179.947;7.6232;;180.183;9.5252
;;;181.001;4.639;;;;;180.829;6.605;;180.947;7.6163;;181.184;9.5196
;;;182;4.635;;;;;181.83;6.5971;;181.947;7.6083;;182.183;9.5133
;;;183.005;4.6185;;;;;182.829;6.5903;;182.947;7.6019;;183.184;9.4996
;;;184;4.6033;;;;;183.83;6.5828;;183.946;7.5949;;184.183;9.4948
;;;185.001;4.5944;;;;;184.83;6.5755;;184.946;7.5876;;185.184;9.4933
;;;186.001;4.5881;;;;;185.829;6.5686;;185.947;7.5795;;186.184;9.4867
;;;187;4.5752;;;;;186.83;6.5607;;186.947;7.5726;;187.183;9.4814
;;;188;4.5702;;;;;187.829;6.5535;;187.947;7.5654;;188.184;9.4763
;;;189.001;4.5585;;;;;188.829;6.546;;188.946;7.5582;;189.184;9.4697
;;;190;4.5461;;;;;189.829;6.5386;;189.946;7.5505;;190.183;9.4632
;;;191;4.5299;;;;;190.83;6.5308;;190.947;7.5438;;191.184;9.4559
;;;192;4.5369;;;;;191.83;6.5239;;191.947;7.5366;;192.184;9.4493
;;;193.001;4.5251;;;;;192.829;6.5166;;192.946;7.5292;;193.184;9.4429
;;;194.001;4.4963;;;;;193.829;6.5098;;193.946;7.5214;;194.184;9.4366
;;;195;4.4762;;;;;194.83;6.5026;;194.947;7.5159;;195.184;9.4307
;;;196;4.4769;;;;;195.83;6.4948;;195.946;7.5079;;196.184;9.4233
;;;197;4.4606;;;;;196.829;6.4888;;196.947;7.5011;;197.183;9.4175
;;;198;4.4481;;;;;197.829;6.481;;197.947;7.4947;;198.184;9.41
;;;199;4.4347;;;;;198.829;6.4739;;198.946;7.4877;;199.184;9.4036
;;;200.001;4.4324;;;;;199.83;6.4679;;199.946;7.4807;;200.185;9.3967
;;;201;4.4111;;;;;200.829;6.4615;;200.946;7.4735;;201.184;9.3897
;;;202;4.417;;;;;201.83;6.4537;;201.951;7.4669;;202.183;9.3847
;;;203;4.3985;;;;;202.829;6.4459;;202.947;7.4597;;203.183;9.3783
;;;204;4.396;;;;;203.829;6.4407;;203.946;7.4537;;204.183;9.3712
;;;205;4.3901;;;;;204.829;6.433;;204.947;7.4469;;205.184;9.3646
;;;206;4.3806;;;;;205.83;6.4261;;205.947;7.4391;;206.183;9.3584
;;;207.006;4.3658;;;;;206.83;6.4193;;206.946;7.4316;;207.184;9.3518
;;;208;4.3578;;;;;207.83;6.4119;;207.946;7.4235;;208.184;9.3445
;;;209;4.3448;;;;;208.829;6.4051;;208.947;7.4175;;209.183;9.3382
;;;210;4.3293;;;;;209.829;6.3966;;209.947;7.4112;;210.184;9.3316
;;;211.001;4.3177;;;;;210.829;6.3906;;210.946;7.4034;;211.184;9.3252
;;;212.001;4.306;;;;;211.829;6.3839;;211.946;7.3972;;212.183;9.319
;;;213.006;4.2867;;;;;212.829;6.3754;;212.947;7.3902;;213.183;9.3115
;;;214.001;4.2854;;;;;213.829;6.3703;;213.948;7.3825;;214.184;9.3047
;;;215.001;4.2804;;;;;214.829;6.3629;;214.947;7.3752;;215.183;9.2979
;;;216;4.2701;;;;;215.829;6.356;;215.946;7.3682;;216.183;9.2918
;;;217;4.255;;;;;216.829;6.3488;;216.946;7.3616;;217.184;9.2843
;;;218.001;4.245;;;;;217.829;6.3424;;217.947;7.3542;;218.183;9.2785
;;;219.001;4.2354;;;;;218.83;6.3347;;218.946;7.3459;;219.183;9.2706
;;;220.001;4.2259;;;;;219.83;6.3286;;219.947;7.3396;;220.183;9.2639
;;;221;4.218;;;;;220.83;6.3219;;220.947;7.3326;;221.184;9.2568
;;;222;4.2012;;;;;221.829;6.3157;;221.947;7.3258;;222.184;9.2491
;;;223;4.1964;;;;;222.829;6.3081;;222.946;7.3183;;223.183;9.2436
;;;224;4.1851;;;;;223.829;6.3017;;223.947;7.3115;;224.183;9.2363
;;;225;4.1761;;;;;224.83;6.2953;;224.947;7.3041;;225.183;9.2296
;;;226.001;4.161;;;;;225.83;6.2878;;225.947;7.2973;;226.184;9.2219
;;;227.001;4.1492;;;;;226.829;6.2813;;226.947;7.2907;;227.183;9.2158
;;;228;4.1443;;;;;227.829;6.2754;;227.946;7.2835;;228.184;9.209
;;;229;4.1285;;;;;228.83;6.2698;;228.947;7.2757;;229.184;9.2017
;;;230;4.1253;;;;;229.829;6.2626;;229.947;7.269;;230.184;9.1956
;;;231.005;4.1171;;;;;230.829;6.2563;;230.947;7.2616;;231.184;9.1894
;;;232;4.1027;;;;;231.83;6.2499;;231.947;7.2556;;232.183;9.182
;;;233;4.0885;;;;;232.829;6.2428;;232.947;7.2481;;233.184;9.1754
;;;;;;;;;233.83;6.2366;;233.946;7.2412;;234.183;9.169
;;;;;;;;;234.83;6.2301;;234.947;7.2348;;235.183;9.162
;;;;;;;;;235.829;6.2227;;235.947;7.2275;;236.184;9.1565
;;;;;;;;;236.829;6.2163;;236.946;7.22;;237.184;9.1497
;;;;;;;;;237.829;6.2101;;237.947;7.2132;;238.183;9.1354
;;;;;;;;;238.83;6.2029;;238.947;7.206;;239.183;9.1295
;;;;;;;;;239.829;6.1958;;239.947;7.1993;;240.184;9.1304
;;;;;;;;;240.829;6.1889;;240.947;7.1923;;241.184;9.1244
;;;;;;;;;241.829;6.182;;241.947;7.1859;;242.184;9.1139
;;;;;;;;;242.829;6.1744;;242.947;7.1778;;243.183;9.1091
;;;;;;;;;243.829;6.168;;243.951;7.1705;;244.184;9.1043
;;;;;;;;;244.829;6.1618;;244.946;7.1639;;245.184;9.0942
;;;;;;;;;245.83;6.1546;;245.947;7.1566;;246.184;9.0866
;;;;;;;;;246.829;6.1474;;246.946;7.1498;;247.183;9.0835
;;;;;;;;;247.829;6.141;;247.946;7.143;;248.183;9.076
;;;;;;;;;248.829;6.1333;;248.946;7.1371;;249.184;9.0704
;;;;;;;;;249.829;6.1263;;249.947;7.1302;;250.184;9.0625
;;;;;;;;;250.83;6.1207;;250.946;7.1225;;251.184;9.0572
;;;;;;;;;251.829;6.114;;251.947;7.1166;;252.184;9.0505
;;;;;;;;;252.829;6.1063;;252.947;7.1085;;253.183;9.0429
;;;;;;;;;253.829;6.0997;;253.946;7.1019;;254.184;9.0367
;;;;;;;;;254.83;6.0934;;254.947;7.0949;;255.183;9.0296
;;;;;;;;;255.829;6.0861;;255.947;7.0881;;256.184;9.0231
;;;;;;;;;256.829;6.0803;;256.946;7.0815;;257.183;9.0166
;;;;;;;;;257.83;6.0512;;257.947;7.0741;;258.183;9.01
;;;;;;;;;258.83;6.0363;;258.947;7.0672;;259.184;9.0041
;;;;;;;;;259.83;6.0449;;259.947;7.0597;;260.184;8.9971
;;;;;;;;;260.83;6.0537;;260.946;7.0532;;261.183;8.9901
;;;;;;;;;261.83;6.0291;;261.946;7.0462;;262.184;8.9826
;;;;;;;;;262.829;6.0337;;262.947;7.0404;;263.184;8.9782
;;;;;;;;;263.829;6.0349;;263.946;7.0336;;264.184;8.9722
;;;;;;;;;264.829;6.0281;;264.947;7.0277;;265.183;8.9659
;;;;;;;;;265.83;6.0215;;265.947;7.0221;;266.183;8.9595
;;;;;;;;;266.83;6.0148;;266.947;7.0155;;267.184;8.9506
;;;;;;;;;267.83;6.0094;;267.947;7.0088;;268.184;8.9442
;;;;;;;;;268.829;6.0026;;268.946;7.0026;;269.184;8.9401
;;;;;;;;;269.829;5.996;;269.947;6.9959;;270.184;8.9325
;;;;;;;;;270.83;5.9898;;270.946;6.9899;;271.184;8.927
;;;;;;;;;271.829;5.9833;;271.946;6.983;;272.183;8.9206
;;;;;;;;;272.829;5.9776;;272.947;6.9776;;273.184;8.9151
;;;;;;;;;273.83;5.9713;;273.947;6.9702;;274.184;8.9077
;;;;;;;;;274.829;5.9651;;274.946;6.9647;;275.184;8.9014
;;;;;;;;;275.829;5.9587;;275.947;6.9581;;276.184;8.8939
;;;;;;;;;276.83;5.9528;;276.946;6.9522;;277.184;8.8859
;;;;;;;;;277.83;5.946;;277.946;6.9454;;278.184;8.8818
;;;;;;;;;278.829;5.9394;;278.947;6.9398;;279.184;8.8753
;;;;;;;;;279.83;5.9325;;279.946;6.9325;;280.183;8.8695
;;;;;;;;;280.829;5.9254;;280.947;6.9267;;281.183;8.862
;;;;;;;;;281.829;5.9189;;281.946;6.9203;;282.184;8.8539
;;;;;;;;;282.83;5.9125;;282.946;6.914;;283.184;8.8487
;;;;;;;;;283.83;5.9059;;283.947;6.9079;;284.184;8.8424
;;;;;;;;;284.829;5.899;;284.946;6.902;;285.184;8.8359
;;;;;;;;;285.83;5.8925;;285.947;6.894;;286.183;8.8304
;;;;;;;;;286.83;5.8866;;286.946;6.8868;;287.184;8.8243
;;;;;;;;;287.829;5.8789;;287.947;6.8816;;288.184;8.8175
;;;;;;;;;288.83;5.8732;;288.947;6.875;;289.184;8.8118
;;;;;;;;;289.829;5.8659;;289.947;6.8683;;290.184;8.8016
;;;;;;;;;290.829;5.8602;;290.947;6.8625;;291.183;8.7986
;;;;;;;;;291.83;5.8542;;291.947;6.856;;292.184;8.7931
;;;;;;;;;292.829;5.8471;;292.947;6.8501;;293.184;8.7867
;;;;;;;;;293.829;5.8412;;293.947;6.8436;;294.184;8.7803
;;;;;;;;;294.829;5.8341;;294.947;6.8369;;295.183;8.7727
;;;;;;;;;295.829;5.8269;;295.946;6.831;;296.184;8.7681
;;;;;;;;;296.829;5.821;;296.947;6.8288;;297.184;8.7617
;;;;;;;;;297.83;5.8156;;297.951;6.8221;;298.184;8.7555
;;;;;;;;;298.829;5.8094;;298.947;6.8169;;299.183;8.7464
;;;;;;;;;299.829;5.803;;299.947;6.8104;;300.184;8.7429
;;;;;;;;;300.83;5.7964;;300.947;6.8035;;301.183;8.7378
;;;;;;;;;301.829;5.7924;;301.947;6.7969;;302.183;8.7321
;;;;;;;;;302.829;5.7855;;302.947;6.7917;;303.184;8.7265
;;;;;;;;;303.829;5.7797;;303.946;6.7861;;304.184;8.719
;;;;;;;;;304.83;5.7744;;304.946;6.7794;;305.184;8.7145
;;;;;;;;;305.83;5.7684;;305.947;6.7726;;306.183;8.7035
;;;;;;;;;306.829;5.7618;;306.946;6.7665;;307.184;8.6993
;;;;;;;;;307.829;5.7562;;307.947;6.7599;;308.183;8.6934
;;;;;;;;;308.83;5.7504;;308.947;6.7539;;309.184;8.6883
;;;;;;;;;309.829;5.744;;309.946;6.7485;;310.183;8.6814
;;;;;;;;;310.829;5.7381;;310.946;6.7419;;311.183;8.6773
;;;;;;;;;311.83;5.7319;;311.947;6.736;;312.183;8.6717
;;;;;;;;;312.83;5.7257;;312.948;6.7293;;313.184;8.6655
;;;;;;;;;313.829;5.7189;;313.946;6.723;;314.183;8.6593
;;;;;;;;;314.829;5.713;;314.947;6.7172;;315.184;8.6527
;;;;;;;;;315.829;5.7069;;315.952;6.7104;;316.183;8.6486
;;;;;;;;;316.829;5.7007;;316.947;6.7049;;317.184;8.637
;;;;;;;;;317.83;5.6938;;317.946;6.6982;;318.183;8.6334
;;;;;;;;;318.829;5.687;;318.947;6.6914;;319.184;8.6292
;;;;;;;;;319.829;5.6814;;319.947;6.6858;;320.184;8.6249
;;;;;;;;;320.829;5.6749;;320.946;6.6798;;321.184;8.6187
;;;;;;;;;321.829;5.6683;;321.947;6.6733;;322.184;8.6137
;;;;;;;;;322.829;5.6621;;322.947;6.6671;;323.184;8.6074
;;;;;;;;;323.83;5.6557;;323.946;6.6614;;324.184;8.6008
;;;;;;;;;324.829;5.6504;;324.947;6.6557;;325.184;8.5954
;;;;;;;;;325.83;5.6438;;325.946;6.6497;;326.184;8.59
;;;;;;;;;326.83;5.638;;326.947;6.6436;;327.183;8.5833
;;;;;;;;;327.829;5.6319;;327.951;6.6387;;328.183;8.5773
;;;;;;;;;328.83;5.6252;;328.946;6.6311;;329.184;8.5717
;;;;;;;;;329.829;5.6187;;329.946;6.6256;;330.183;8.5665
;;;;;;;;;330.829;5.6136;;330.947;6.6194;;331.184;8.5604
;;;;;;;;;331.829;5.608;;331.946;6.6136;;332.184;8.5542
;;;;;;;;;332.829;5.6016;;332.947;6.6077;;333.183;8.5492
;;;;;;;;;333.83;5.5951;;333.946;6.6011;;334.183;8.5427
;;;;;;;;;334.829;5.5895;;334.947;6.5951;;335.184;8.5367
;;;;;;;;;335.83;5.5826;;335.946;6.5882;;336.183;8.5302
;;;;;;;;;336.829;5.5767;;336.946;6.5833;;337.184;8.5247
;;;;;;;;;337.83;5.5706;;337.947;6.5764;;338.184;8.518
;;;;;;;;;338.83;5.5651;;338.947;6.5708;;339.183;8.5128
;;;;;;;;;339.829;5.5588;;339.947;6.5648;;340.183;8.5078
;;;;;;;;;340.829;5.5536;;340.947;6.5591;;341.184;8.5015
;;;;;;;;;341.83;5.5475;;341.947;6.5529;;342.184;8.4949
;;;;;;;;;342.829;5.5417;;342.947;6.5476;;343.184;8.489
;;;;;;;;;343.83;5.5356;;343.946;6.5411;;344.184;8.4839
;;;;;;;;;344.83;5.5294;;344.946;6.5351;;345.183;8.4787
;;;;;;;;;345.829;5.5231;;345.946;6.5287;;346.183;8.4726
;;;;;;;;;346.829;5.5171;;346.946;6.5235;;347.184;8.4662
;;;;;;;;;347.829;5.511;;347.946;6.5164;;348.183;8.462
;;;;;;;;;348.829;5.5045;;348.946;6.5105;;349.184;8.4554
;;;;;;;;;349.829;5.4987;;349.947;6.5039;;350.183;8.4496
;;;;;;;;;350.829;5.4918;;350.947;6.4979;;351.184;8.4446
;;;;;;;;;351.829;5.4869;;351.946;6.491;;352.184;8.4377
;;;;;;;;;352.829;5.4809;;352.947;6.4847;;353.183;8.4325
;;;;;;;;;353.829;5.4744;;353.946;6.4797;;354.184;8.4268
;;;;;;;;;354.83;5.469;;354.946;6.4736;;355.183;8.4211
;;;;;;;;;355.829;5.4631;;355.946;6.4679;;356.184;8.4149
;;;;;;;;;356.829;5.4566;;356.946;6.4606;;357.184;8.4106
;;;;;;;;;357.829;5.4514;;357.947;6.4551;;358.183;8.4054
;;;;;;;;;358.829;5.4445;;358.946;6.4494;;359.184;8.3997
;;;;;;;;;359.829;5.438;;359.946;6.4436;;360.184;8.3937
;;;;;;;;;360.83;5.4317;;360.947;6.4367;;361.183;8.3883
;;;;;;;;;361.829;5.4254;;361.946;6.432;;362.184;8.3819
;;;;;;;;;362.829;5.4203;;362.946;6.4258;;363.184;8.377
;;;;;;;;;363.83;5.415;;363.946;6.4194;;364.183;8.3711
;;;;;;;;;364.829;5.4083;;364.947;6.4138;;365.184;8.3647
;;;;;;;;;365.829;5.4021;;365.946;6.4083;;366.183;8.3597
;;;;;;;;;366.83;5.3959;;366.946;6.4013;;367.184;8.3543
;;;;;;;;;367.829;5.3901;;367.946;6.3962;;368.184;8.3492
;;;;;;;;;368.83;5.3846;;368.947;6.3895;;369.183;8.3436
;;;;;;;;;369.829;5.3796;;369.946;6.3836;;370.184;8.3379
;;;;;;;;;370.829;5.3745;;370.947;6.3779;;371.184;8.3325
;;;;;;;;;371.83;5.368;;371.946;6.3718;;372.184;8.3271
;;;;;;;;;372.829;5.3629;;372.946;6.3661;;373.184;8.3216
;;;;;;;;;373.829;5.3569;;373.947;6.3593;;374.184;8.3158
;;;;;;;;;374.829;5.3516;;374.946;6.3555;;375.184;8.3109
;;;;;;;;;375.83;5.3449;;375.951;6.348;;376.184;8.3054
;;;;;;;;;376.83;5.3401;;376.946;6.3426;;377.184;8.2998
;;;;;;;;;377.829;5.3328;;377.946;6.3373;;378.184;8.2944
;;;;;;;;;378.829;5.3275;;378.946;6.3304;;379.184;8.2892
;;;;;;;;;379.829;5.3221;;379.946;6.3242;;380.184;8.283
;;;;;;;;;380.83;5.3173;;380.947;6.3188;;381.184;8.2777
;;;;;;;;;381.83;5.31;;381.947;6.3123;;382.183;8.2719
;;;;;;;;;382.829;5.3049;;382.946;6.3065;;383.183;8.2657
;;;;;;;;;383.829;5.3001;;383.946;6.3004;;384.183;8.2601
;;;;;;;;;384.829;5.293;;384.947;6.2948;;385.183;8.2542
;;;;;;;;;385.829;5.2875;;385.947;6.2884;;386.184;8.2487
;;;;;;;;;386.83;5.2815;;386.947;6.2827;;387.184;8.2424
;;;;;;;;;387.829;5.2748;;387.946;6.2765;;388.184;8.2372
;;;;;;;;;388.829;5.27;;388.946;6.2704;;389.183;8.2314
;;;;;;;;;389.829;5.2644;;389.946;6.2654;;390.183;8.2254
;;;;;;;;;390.83;5.2601;;390.946;6.2599;;391.183;8.2195
;;;;;;;;;391.83;5.2537;;391.946;6.2535;;392.183;8.2147
;;;;;;;;;392.829;5.2477;;392.947;6.2481;;393.184;8.21
;;;;;;;;;393.829;5.2427;;393.946;6.2416;;394.184;8.2044
;;;;;;;;;394.829;5.2369;;394.946;6.237;;395.184;8.1987
;;;;;;;;;395.829;5.2311;;395.947;6.2317;;396.184;8.1932
;;;;;;;;;396.83;5.2264;;396.946;6.2261;;397.184;8.188
;;;;;;;;;397.83;5.2206;;397.946;6.2202;;398.184;8.1815
;;;;;;;;;398.829;5.2153;;398.947;6.2152;;399.184;8.1767
;;;;;;;;;399.83;5.2102;;399.951;6.2109;;400.183;8.1714
;;;;;;;;;400.829;5.2048;;400.947;6.2033;;401.183;8.1664
;;;;;;;;;401.83;5.1989;;401.947;6.1983;;402.184;8.1619
;;;;;;;;;402.83;5.1923;;402.947;6.1919;;403.184;8.1561
;;;;;;;;;403.829;5.1872;;403.947;6.1867;;404.184;8.1511
;;;;;;;;;404.83;5.181;;404.946;6.1805;;405.183;8.1449
;;;;;;;;;405.829;5.1758;;405.946;6.1752;;406.183;8.1404
;;;;;;;;;406.829;5.1699;;406.947;6.1702;;407.184;8.1353
;;;;;;;;;407.829;5.1636;;407.947;6.1647;;408.183;8.1296
;;;;;;;;;408.83;5.1589;;408.947;6.1592;;409.183;8.1246
;;;;;;;;;409.83;5.153;;409.947;6.154;;410.184;8.12
;;;;;;;;;410.829;5.1474;;410.947;6.149;;411.183;8.114
;;;;;;;;;411.829;5.1429;;411.951;6.1432;;412.184;8.1087
;;;;;;;;;412.829;5.1375;;412.947;6.1355;;413.183;8.1037
;;;;;;;;;413.83;5.1314;;413.947;6.1309;;414.184;8.0991
;;;;;;;;;414.83;5.1265;;414.947;6.1254;;415.183;8.0934
;;;;;;;;;415.83;5.1211;;415.946;6.1188;;416.183;8.0878
;;;;;;;;;416.83;5.1156;;416.947;6.1139;;417.184;8.0839
;;;;;;;;;417.83;5.1104;;417.946;6.1089;;418.183;8.0779
;;;;;;;;;418.83;5.1044;;418.946;6.1029;;419.184;8.0731
;;;;;;;;;419.83;5.0997;;419.947;6.0976;;420.184;8.0687
;;;;;;;;;420.829;5.094;;420.946;6.0923;;421.184;8.0632
;;;;;;;;;421.829;5.0882;;421.946;6.0859;;422.184;8.0574
;;;;;;;;;422.829;5.0829;;422.947;6.0812;;423.183;8.0527
;;;;;;;;;423.829;5.0775;;423.947;6.0761;;424.184;8.0479
;;;;;;;;;424.83;5.0708;;424.946;6.0693;;425.184;8.0427
;;;;;;;;;425.829;5.0652;;425.946;6.0649;;426.184;8.0377
;;;;;;;;;426.829;5.06;;426.946;6.059;;427.183;8.0318
;;;;;;;;;427.829;5.0548;;427.947;6.0534;;428.183;8.0266
;;;;;;;;;428.83;5.0483;;428.946;6.0482;;429.183;8.0213
;;;;;;;;;429.829;5.0434;;429.946;6.0432;;430.184;8.0158
;;;;;;;;;430.829;5.0383;;430.947;6.0368;;431.184;8.0114
;;;;;;;;;431.83;5.0327;;431.947;6.0309;;432.183;8.0049
;;;;;;;;;432.83;5.0265;;432.946;6.0263;;433.183;8.0007
;;;;;;;;;433.829;5.0215;;433.946;6.0209;;434.183;7.9952
;;;;;;;;;434.829;5.0134;;434.947;6.0147;;435.184;7.9891
;;;;;;;;;435.83;5.0098;;435.946;6.0105;;436.184;7.984
;;;;;;;;;436.829;5.0044;;436.946;6.0048;;437.183;7.9786
;;;;;;;;;437.829;4.9997;;437.947;5.9999;;438.183;7.9728
;;;;;;;;;438.83;4.9936;;438.946;5.994;;439.184;7.9681
;;;;;;;;;439.829;4.9885;;439.947;5.9879;;440.183;7.9616
;;;;;;;;;440.829;4.9827;;440.946;5.9829;;441.183;7.9567
;;;;;;;;;441.829;4.9777;;441.951;5.9762;;442.184;7.9512
;;;;;;;;;442.829;4.9722;;442.946;5.9718;;443.184;7.9459
;;;;;;;;;443.83;4.9666;;443.946;5.9672;;444.184;7.9395
;;;;;;;;;444.829;4.9611;;444.946;5.962;;445.184;7.934
;;;;;;;;;445.829;4.9548;;445.947;5.9568;;446.183;7.9288
;;;;;;;;;446.83;4.9495;;446.946;5.9525;;447.184;7.9236
;;;;;;;;;447.829;4.9405;;447.952;5.945;;448.184;7.9185
;;;;;;;;;448.829;4.9319;;448.947;5.9408;;449.183;7.9132
;;;;;;;;;449.829;4.9264;;449.947;5.9366;;450.183;7.9081
;;;;;;;;;450.829;4.9183;;450.947;5.9314;;451.184;7.9032
;;;;;;;;;451.829;4.9127;;451.947;5.9267;;452.183;7.8976
;;;;;;;;;452.829;4.9118;;452.947;5.9216;;453.184;7.8931
;;;;;;;;;453.829;4.9038;;453.951;5.9144;;454.184;7.8849
;;;;;;;;;454.829;4.9064;;454.947;5.9114;;455.184;7.8808
;;;;;;;;;455.838;4.9055;;455.947;5.9049;;456.184;7.8767
;;;;;;;;;456.829;4.8966;;456.947;5.9004;;457.184;7.8713
;;;;;;;;;457.829;4.8916;;457.947;5.8949;;458.184;7.8667
;;;;;;;;;458.83;4.8868;;458.947;5.8901;;459.183;7.8618
;;;;;;;;;459.83;4.8824;;459.946;5.885;;460.184;7.8566
;;;;;;;;;460.829;4.8764;;460.947;5.8788;;461.183;7.8517
;;;;;;;;;461.829;4.8701;;461.946;5.875;;462.184;7.8443
;;;;;;;;;462.829;4.8642;;462.946;5.8698;;463.184;7.8413
;;;;;;;;;463.83;4.8594;;463.946;5.8649;;464.184;7.8359
;;;;;;;;;464.83;4.8544;;464.946;5.86;;465.183;7.8307
;;;;;;;;;465.829;4.8496;;465.946;5.8554;;466.184;7.8246
;;;;;;;;;466.829;4.8441;;466.946;5.8497;;467.184;7.8197
;;;;;;;;;467.829;4.8392;;467.946;5.8456;;468.184;7.8135
;;;;;;;;;468.829;4.834;;468.947;5.8402;;469.184;7.8083
;;;;;;;;;469.83;4.8282;;469.946;5.8353;;470.184;7.8021
;;;;;;;;;470.829;4.8237;;470.946;5.8304;;471.184;7.7975
;;;;;;;;;471.829;4.8195;;471.947;5.8242;;472.184;7.792
;;;;;;;;;472.829;4.8136;;472.947;5.8186;;473.184;7.7881
;;;;;;;;;473.83;4.808;;473.946;5.8136;;474.184;7.7836
;;;;;;;;;474.829;4.8028;;474.946;5.8091;;475.184;7.7784
;;;;;;;;;475.83;4.7974;;475.946;5.8045;;476.184;7.7692
;;;;;;;;;476.829;4.7933;;476.947;5.7995;;477.184;7.7631
;;;;;;;;;477.829;4.7878;;477.946;5.7951;;478.184;7.7608
;;;;;;;;;478.829;4.7822;;478.946;5.7887;;479.183;7.7564
;;;;;;;;;479.829;4.7772;;479.946;5.7828;;480.183;7.7531
;;;;;;;;;480.83;4.7723;;480.947;5.7787;;481.183;7.747
;;;;;;;;;481.829;4.7674;;481.946;5.7734;;482.184;7.7417
;;;;;;;;;482.829;4.7623;;482.946;5.7681;;483.183;7.7363
;;;;;;;;;483.829;4.7564;;483.951;5.7624;;484.183;7.7306
;;;;;;;;;484.83;4.7511;;484.947;5.7589;;485.184;7.7257
;;;;;;;;;485.829;4.7462;;485.947;5.7544;;486.184;7.7202
;;;;;;;;;486.829;4.7415;;486.946;5.7488;;487.184;7.7166
;;;;;;;;;487.83;4.737;;487.946;5.7426;;488.183;7.7105
;;;;;;;;;488.829;4.7314;;488.946;5.7382;;489.183;7.7066
;;;;;;;;;489.829;4.7267;;489.951;5.7336;;490.184;7.7022
;;;;;;;;;490.83;4.7218;;490.946;5.7271;;491.183;7.6976
;;;;;;;;;491.83;4.7163;;491.946;5.722;;492.183;7.6908
;;;;;;;;;492.829;4.7103;;492.946;5.7174;;493.184;7.6849
;;;;;;;;;493.83;4.7056;;493.946;5.7127;;494.184;7.6809
;;;;;;;;;494.83;4.7001;;494.947;5.7075;;495.183;7.6765
;;;;;;;;;495.83;4.695;;495.947;5.7027;;496.184;7.6731
;;;;;;;;;496.83;4.6902;;496.946;5.6971;;497.184;7.6654
;;;;;;;;;497.829;4.6847;;497.947;5.6929;;498.183;7.6607
;;;;;;;;;498.829;4.6801;;498.946;5.6879;;499.184;7.6548
;;;;;;;;;499.829;4.6751;;499.947;5.6831;;500.184;7.6516
;;;;;;;;;500.829;4.6696;;500.947;5.6776;;501.184;7.6472
;;;;;;;;;501.83;4.6662;;501.947;5.6733;;502.183;7.6417
;;;;;;;;;502.83;4.6609;;502.946;5.6677;;503.184;7.6359
;;;;;;;;;503.829;4.6554;;503.946;5.6626;;504.184;7.6309
;;;;;;;;;504.829;4.6506;;504.947;5.6583;;505.184;7.6264
;;;;;;;;;505.829;4.6466;;505.947;5.6545;;506.184;7.6221
;;;;;;;;;506.83;4.6413;;506.946;5.6485;;507.183;7.6112
;;;;;;;;;507.829;4.6365;;507.947;5.6429;;508.184;7.6099
;;;;;;;;;508.829;4.6314;;508.946;5.6383;;509.184;7.6055
;;;;;;;;;509.83;4.6263;;509.946;5.6329;;510.184;7.6015
;;;;;;;;;510.829;4.6213;;510.946;5.6273;;511.183;7.5954
;;;;;;;;;511.829;4.6167;;511.946;5.6233;;512.184;7.5908
;;;;;;;;;512.829;4.612;;512.947;5.6181;;513.183;7.5856
;;;;;;;;;513.829;4.6078;;513.947;5.6134;;514.184;7.5799
;;;;;;;;;514.829;4.6028;;514.947;5.6092;;515.183;7.5742
;;;;;;;;;515.829;4.5975;;515.946;5.6052;;516.184;7.5706
;;;;;;;;;516.83;4.5924;;516.947;5.6004;;517.184;7.5658
;;;;;;;;;;;;517.946;5.5953;;518.184;7.5606
;;;;;;;;;;;;518.947;5.5903;;519.184;7.5562
;;;;;;;;;;;;519.947;5.5853;;520.183;7.551
;;;;;;;;;;;;520.946;5.5808;;521.184;7.5465
;;;;;;;;;;;;521.946;5.5758;;522.184;7.5413
;;;;;;;;;;;;522.947;5.5713;;523.184;7.5365
;;;;;;;;;;;;523.947;5.5665;;524.184;7.5327
;;;;;;;;;;;;524.947;5.5616;;525.184;7.5274
;;;;;;;;;;;;525.947;5.5572;;526.183;7.5224
;;;;;;;;;;;;526.947;5.5528;;527.183;7.5174
;;;;;;;;;;;;527.947;5.5473;;528.183;7.5128
;;;;;;;;;;;;528.947;5.5427;;529.183;7.5084
;;;;;;;;;;;;529.947;5.5378;;530.183;7.503
;;;;;;;;;;;;530.946;5.5333;;531.183;7.4985
;;;;;;;;;;;;531.946;5.5283;;532.184;7.4941
;;;;;;;;;;;;532.946;5.5233;;533.184;7.4886
;;;;;;;;;;;;533.946;5.518;;534.184;7.4836
;;;;;;;;;;;;534.946;5.5125;;535.183;7.4782
;;;;;;;;;;;;535.947;5.5089;;536.184;7.4722
;;;;;;;;;;;;536.946;5.5041;;537.184;7.4673
;;;;;;;;;;;;537.947;5.4991;;538.183;7.462
;;;;;;;;;;;;538.947;5.4936;;539.184;7.4561
;;;;;;;;;;;;539.947;5.4886;;540.184;7.4513
;;;;;;;;;;;;540.946;5.4834;;541.183;7.4464
;;;;;;;;;;;;541.947;5.4786;;542.184;7.4406
;;;;;;;;;;;;542.946;5.4734;;543.183;7.4353
;;;;;;;;;;;;543.947;5.4685;;544.184;7.4298
;;;;;;;;;;;;544.946;5.4635;;545.183;7.4247
;;;;;;;;;;;;545.946;5.4586;;546.184;7.4204
;;;;;;;;;;;;546.946;5.4541;;547.184;7.4144
;;;;;;;;;;;;547.946;5.4486;;548.184;7.41
;;;;;;;;;;;;548.946;5.4441;;549.183;7.405
;;;;;;;;;;;;549.947;5.4384;;550.184;7.3998
;;;;;;;;;;;;550.946;5.4335;;551.183;7.3938
;;;;;;;;;;;;551.946;5.4289;;552.184;7.3887
;;;;;;;;;;;;552.948;5.4248;;553.184;7.3839
;;;;;;;;;;;;553.947;5.42;;554.184;7.3794
;;;;;;;;;;;;554.947;5.4148;;555.183;7.3739
;;;;;;;;;;;;555.946;5.4106;;556.184;7.3683
;;;;;;;;;;;;556.947;5.406;;557.183;7.3634
;;;;;;;;;;;;557.946;5.4021;;558.183;7.3586
;;;;;;;;;;;;558.946;5.3974;;559.183;7.3531
;;;;;;;;;;;;559.946;5.393;;560.184;7.3469
;;;;;;;;;;;;560.947;5.3887;;561.184;7.343
;;;;;;;;;;;;561.947;5.3834;;562.183;7.3374
;;;;;;;;;;;;562.947;5.3793;;563.184;7.3325
;;;;;;;;;;;;563.946;5.3755;;564.183;7.327
;;;;;;;;;;;;564.946;5.3708;;565.184;7.3218
;;;;;;;;;;;;565.947;5.3663;;566.183;7.3173
;;;;;;;;;;;;566.947;5.3621;;567.184;7.3122
;;;;;;;;;;;;567.946;5.3582;;568.183;7.3073
;;;;;;;;;;;;568.946;5.3532;;569.184;7.3022
;;;;;;;;;;;;569.946;5.3488;;570.183;7.2965
;;;;;;;;;;;;570.946;5.3432;;571.184;7.2918
;;;;;;;;;;;;571.946;5.3393;;572.183;7.2874
;;;;;;;;;;;;572.946;5.3344;;573.183;7.282
;;;;;;;;;;;;573.951;5.3286;;574.184;7.2774
;;;;;;;;;;;;574.947;5.3257;;575.184;7.2718
;;;;;;;;;;;;575.946;5.3214;;576.184;7.2667
;;;;;;;;;;;;576.947;5.3168;;577.183;7.2604
;;;;;;;;;;;;577.946;5.3142;;578.183;7.2555
;;;;;;;;;;;;578.946;5.3098;;579.183;7.2503
;;;;;;;;;;;;579.946;5.3058;;580.183;7.2449
;;;;;;;;;;;;580.946;5.3018;;581.183;7.2401
;;;;;;;;;;;;581.947;5.2971;;582.183;7.234
;;;;;;;;;;;;582.947;5.2933;;583.183;7.2306
;;;;;;;;;;;;583.947;5.288;;584.184;7.2254
;;;;;;;;;;;;584.946;5.2841;;585.183;7.2205
;;;;;;;;;;;;585.947;5.2808;;586.184;7.2158
;;;;;;;;;;;;586.946;5.2763;;587.184;7.2104
;;;;;;;;;;;;587.946;5.2716;;588.183;7.2054
;;;;;;;;;;;;588.947;5.267;;589.184;7.2003
;;;;;;;;;;;;589.946;5.2633;;590.184;7.1944
;;;;;;;;;;;;590.946;5.2581;;591.183;7.1903
;;;;;;;;;;;;591.946;5.2537;;592.184;7.1863
;;;;;;;;;;;;592.947;5.2489;;593.183;7.1799
;;;;;;;;;;;;593.947;5.2453;;594.184;7.1758
;;;;;;;;;;;;594.946;5.239;;595.184;7.171
;;;;;;;;;;;;595.946;5.2351;;596.183;7.1666
;;;;;;;;;;;;596.947;5.2314;;597.184;7.162
;;;;;;;;;;;;597.947;5.2268;;598.183;7.1568
;;;;;;;;;;;;598.947;5.2223;;599.184;7.1512
;;;;;;;;;;;;599.946;5.2165;;600.183;7.1471
;;;;;;;;;;;;600.946;5.2131;;601.184;7.1402
;;;;;;;;;;;;601.947;5.209;;602.183;7.1315
;;;;;;;;;;;;602.947;5.2056;;603.184;7.1313
;;;;;;;;;;;;603.946;5.2014;;604.184;7.1271
;;;;;;;;;;;;604.947;5.1976;;605.184;7.121
;;;;;;;;;;;;605.946;5.1924;;606.183;7.1186
;;;;;;;;;;;;606.946;5.189;;607.184;7.1136
;;;;;;;;;;;;607.946;5.1842;;608.184;7.1092
;;;;;;;;;;;;608.946;5.1806;;609.184;7.1058
;;;;;;;;;;;;609.947;5.1773;;610.183;7.1008
;;;;;;;;;;;;610.946;5.1725;;611.183;7.0959
;;;;;;;;;;;;611.946;5.168;;612.184;7.0904
;;;;;;;;;;;;612.947;5.1628;;613.183;7.0863
;;;;;;;;;;;;613.947;5.1595;;614.184;7.0812
;;;;;;;;;;;;614.946;5.1551;;615.183;7.0762
;;;;;;;;;;;;615.947;5.1508;;616.184;7.0716
;;;;;;;;;;;;616.946;5.1465;;617.184;7.0665
;;;;;;;;;;;;617.946;5.143;;618.184;7.0617
;;;;;;;;;;;;618.947;5.1391;;619.183;7.0567
;;;;;;;;;;;;619.946;5.1348;;620.183;7.0525
;;;;;;;;;;;;620.946;5.1291;;621.184;7.047
;;;;;;;;;;;;621.946;5.1247;;622.184;7.0423
;;;;;;;;;;;;622.947;5.1212;;623.184;7.0379
;;;;;;;;;;;;623.946;5.1159;;624.184;7.0337
;;;;;;;;;;;;624.946;5.1128;;625.184;7.0284
;;;;;;;;;;;;625.947;5.1089;;626.184;7.0242
;;;;;;;;;;;;626.947;5.1036;;627.184;7.019
;;;;;;;;;;;;627.951;5.0997;;628.184;7.014
;;;;;;;;;;;;628.946;5.0962;;629.184;7.01
;;;;;;;;;;;;629.946;5.0923;;630.184;7.0055
;;;;;;;;;;;;630.947;5.0885;;631.184;7.0012
;;;;;;;;;;;;631.946;5.0837;;632.183;6.9968
;;;;;;;;;;;;632.947;5.079;;633.183;6.9917
;;;;;;;;;;;;633.946;5.0752;;634.184;6.9873
;;;;;;;;;;;;634.946;5.0706;;635.184;6.9821
;;;;;;;;;;;;635.947;5.068;;636.183;6.9791
;;;;;;;;;;;;636.946;5.0632;;637.184;6.9739
;;;;;;;;;;;;637.947;5.0582;;638.184;6.9696
;;;;;;;;;;;;638.946;5.0529;;639.183;6.9648
;;;;;;;;;;;;639.951;5.0487;;640.184;6.9595
;;;;;;;;;;;;640.947;5.045;;641.183;6.9557
;;;;;;;;;;;;641.946;5.0412;;642.183;6.9515
;;;;;;;;;;;;642.946;5.0365;;643.184;6.9464
;;;;;;;;;;;;643.947;5.0323;;644.183;6.9416
;;;;;;;;;;;;644.946;5.0279;;645.184;6.9379
;;;;;;;;;;;;645.946;5.0238;;646.183;6.9341
;;;;;;;;;;;;646.946;5.0179;;647.184;6.9297
;;;;;;;;;;;;647.947;5.0148;;648.183;6.9256
;;;;;;;;;;;;648.947;5.0096;;649.184;6.9206
;;;;;;;;;;;;649.947;5.0053;;650.183;6.9172
;;;;;;;;;;;;650.946;4.9999;;651.184;6.9129
;;;;;;;;;;;;;;;652.183;6.9073
;;;;;;;;;;;;;;;653.183;6.9036
;;;;;;;;;;;;;;;654.184;6.8989
;;;;;;;;;;;;;;;655.184;6.8945
;;;;;;;;;;;;;;;656.183;6.8907
;;;;;;;;;;;;;;;657.184;6.8858
;;;;;;;;;;;;;;;658.183;6.8817
;;;;;;;;;;;;;;;659.184;6.877
;;;;;;;;;;;;;;;660.183;6.8736
;;;;;;;;;;;;;;;661.184;6.8692
;;;;;;;;;;;;;;;662.184;6.8652
;;;;;;;;;;;;;;;663.184;6.861
;;;;;;;;;;;;;;;664.184;6.8574
;;;;;;;;;;;;;;;665.183;6.8523
;;;;;;;;;;;;;;;666.184;6.8479
;;;;;;;;;;;;;;;667.183;6.8426
;;;;;;;;;;;;;;;668.184;6.8379
;;;;;;;;;;;;;;;669.183;6.834
;;;;;;;;;;;;;;;670.183;6.8289
;;;;;;;;;;;;;;;671.184;6.8248
;;;;;;;;;;;;;;;672.184;6.8202
;;;;;;;;;;;;;;;673.183;6.8168
;;;;;;;;;;;;;;;674.184;6.8118
;;;;;;;;;;;;;;;675.184;6.808
;;;;;;;;;;;;;;;676.183;6.8038
;;;;;;;;;;;;;;;677.184;6.8005
;;;;;;;;;;;;;;;678.184;6.7954
;;;;;;;;;;;;;;;679.184;6.792
;;;;;;;;;;;;;;;680.184;6.7874
;;;;;;;;;;;;;;;681.183;6.7834
;;;;;;;;;;;;;;;682.183;6.7792
;;;;;;;;;;;;;;;683.184;6.7754
;;;;;;;;;;;;;;;684.183;6.7714
;;;;;;;;;;;;;;;685.184;6.7677
;;;;;;;;;;;;;;;686.184;6.7632
;;;;;;;;;;;;;;;687.183;6.7584
;;;;;;;;;;;;;;;688.184;6.7545
;;;;;;;;;;;;;;;689.183;6.75
;;;;;;;;;;;;;;;690.184;6.7457
;;;;;;;;;;;;;;;691.183;6.7407
;;;;;;;;;;;;;;;692.184;6.7356
;;;;;;;;;;;;;;;693.184;6.7322
;;;;;;;;;;;;;;;694.183;6.7274
;;;;;;;;;;;;;;;695.184;6.7229
;;;;;;;;;;;;;;;696.183;6.7183
;;;;;;;;;;;;;;;697.184;6.7139
;;;;;;;;;;;;;;;698.184;6.7102
;;;;;;;;;;;;;;;699.183;6.7053
;;;;;;;;;;;;;;;700.184;6.7004
;;;;;;;;;;;;;;;701.183;6.6964
;;;;;;;;;;;;;;;702.184;6.6927
;;;;;;;;;;;;;;;703.183;6.687
;;;;;;;;;;;;;;;704.184;6.6833
;;;;;;;;;;;;;;;705.183;6.6786
;;;;;;;;;;;;;;;706.184;6.6754
;;;;;;;;;;;;;;;707.183;6.6707
;;;;;;;;;;;;;;;708.184;6.6656
;;;;;;;;;;;;;;;709.183;6.6621
;;;;;;;;;;;;;;;710.184;6.657
;;;;;;;;;;;;;;;711.183;6.6529
;;;;;;;;;;;;;;;712.184;6.6483
;;;;;;;;;;;;;;;713.184;6.6437
;;;;;;;;;;;;;;;714.183;6.6391
;;;;;;;;;;;;;;;715.184;6.6347
;;;;;;;;;;;;;;;716.183;6.63
;;;;;;;;;;;;;;;717.184;6.6256
;;;;;;;;;;;;;;;718.183;6.6218
;;;;;;;;;;;;;;;719.184;6.6172
;;;;;;;;;;;;;;;720.183;6.613
;;;;;;;;;;;;;;;721.183;6.609
;;;;;;;;;;;;;;;722.183;6.6049
;;;;;;;;;;;;;;;723.184;6.6009
;;;;;;;;;;;;;;;724.183;6.5957
;;;;;;;;;;;;;;;725.184;6.5908
;;;;;;;;;;;;;;;726.183;6.5883
;;;;;;;;;;;;;;;727.183;6.5581
;;;;;;;;;;;;;;;728.183;6.5358
;;;;;;;;;;;;;;;729.184;6.5727
;;;;;;;;;;;;;;;730.184;6.5693
;;;;;;;;;;;;;;;731.184;6.5624
;;;;;;;;;;;;;;;732.183;6.5625
;;;;;;;;;;;;;;;733.183;6.5579
;;;;;;;;;;;;;;;734.183;6.5526
;;;;;;;;;;;;;;;735.183;6.5477
;;;;;;;;;;;;;;;736.184;6.5393
;;;;;;;;;;;;;;;737.183;6.5372
;;;;;;;;;;;;;;;738.183;6.5329
;;;;;;;;;;;;;;;739.183;6.5298
;;;;;;;;;;;;;;;740.184;6.5229
;;;;;;;;;;;;;;;741.183;6.5181
;;;;;;;;;;;;;;;742.183;6.5124
;;;;;;;;;;;;;;;743.184;6.5013
;;;;;;;;;;;;;;;744.183;6.4995
;;;;;;;;;;;;;;;745.183;6.5043
;;;;;;;;;;;;;;;746.184;6.5009
;;;;;;;;;;;;;;;747.183;6.4967
;;;;;;;;;;;;;;;748.183;6.4919
;;;;;;;;;;;;;;;749.184;6.4877
;;;;;;;;;;;;;;;750.183;6.4845
;;;;;;;;;;;;;;;751.183;6.4809
;;;;;;;;;;;;;;;752.183;6.4763
;;;;;;;;;;;;;;;753.184;6.4729
;;;;;;;;;;;;;;;754.184;6.4678
;;;;;;;;;;;;;;;755.183;6.4634
;;;;;;;;;;;;;;;756.183;6.4596
;;;;;;;;;;;;;;;757.184;6.4559
;;;;;;;;;;;;;;;758.184;6.4516
;;;;;;;;;;;;;;;759.184;6.4472
;;;;;;;;;;;;;;;760.183;6.4427
;;;;;;;;;;;;;;;761.183;6.4382
;;;;;;;;;;;;;;;762.184;6.4343
;;;;;;;;;;;;;;;763.184;6.4303
;;;;;;;;;;;;;;;764.183;6.4267
;;;;;;;;;;;;;;;765.183;6.4225
;;;;;;;;;;;;;;;766.183;6.4192
;;;;;;;;;;;;;;;767.184;6.4149
;;;;;;;;;;;;;;;768.184;6.4103
;;;;;;;;;;;;;;;769.184;6.4069
;;;;;;;;;;;;;;;770.183;6.4025
;;;;;;;;;;;;;;;771.183;6.3991
;;;;;;;;;;;;;;;772.183;6.3946
;;;;;;;;;;;;;;;773.184;6.3898
;;;;;;;;;;;;;;;774.183;6.3864
;;;;;;;;;;;;;;;775.183;6.3819
;;;;;;;;;;;;;;;776.183;6.3772
;;;;;;;;;;;;;;;777.183;6.3726
;;;;;;;;;;;;;;;778.183;6.3668
;;;;;;;;;;;;;;;779.184;6.3621
;;;;;;;;;;;;;;;780.183;6.3591
;;;;;;;;;;;;;;;781.183;6.3544
;;;;;;;;;;;;;;;782.184;6.3508
;;;;;;;;;;;;;;;783.183;6.348
;;;;;;;;;;;;;;;784.184;6.3431
;;;;;;;;;;;;;;;785.184;6.319
;;;;;;;;;;;;;;;786.184;6.3103
;;;;;;;;;;;;;;;787.184;6.3138
;;;;;;;;;;;;;;;788.184;6.3074
;;;;;;;;;;;;;;;789.184;6.302
;;;;;;;;;;;;;;;790.184;6.3189
;;;;;;;;;;;;;;;791.184;6.317
;;;;;;;;;;;;;;;792.184;6.3121
;;;;;;;;;;;;;;;793.184;6.3068
;;;;;;;;;;;;;;;794.184;6.3037
;;;;;;;;;;;;;;;795.183;6.2999
;;;;;;;;;;;;;;;796.183;6.2959
;;;;;;;;;;;;;;;797.183;6.2924
;;;;;;;;;;;;;;;798.183;6.2879
;;;;;;;;;;;;;;;799.183;6.2857
;;;;;;;;;;;;;;;800.183;6.2808
;;;;;;;;;;;;;;;801.184;6.2764
;;;;;;;;;;;;;;;802.183;6.2729
;;;;;;;;;;;;;;;803.183;6.269
;;;;;;;;;;;;;;;804.183;6.2652
;;;;;;;;;;;;;;;805.184;6.2615
;;;;;;;;;;;;;;;806.183;6.2576
;;;;;;;;;;;;;;;807.183;6.2532
;;;;;;;;;;;;;;;808.183;6.2492
;;;;;;;;;;;;;;;809.183;6.2449
;;;;;;;;;;;;;;;810.183;6.2407
;;;;;;;;;;;;;;;811.184;6.2377
;;;;;;;;;;;;;;;812.183;6.2339
;;;;;;;;;;;;;;;813.184;6.2293
;;;;;;;;;;;;;;;814.184;6.2253
;;;;;;;;;;;;;;;815.183;6.2215
;;;;;;;;;;;;;;;816.183;6.2175
;;;;;;;;;;;;;;;817.184;6.213
;;;;;;;;;;;;;;;818.183;6.21
;;;;;;;;;;;;;;;819.183;6.2052
;;;;;;;;;;;;;;;820.184;6.2013
;;;;;;;;;;;;;;;821.183;6.1974
;;;;;;;;;;;;;;;822.183;6.1936
;;;;;;;;;;;;;;;823.184;6.1896
;;;;;;;;;;;;;;;824.183;6.1858
;;;;;;;;;;;;;;;825.183;6.1821
;;;;;;;;;;;;;;;826.183;6.1774
;;;;;;;;;;;;;;;827.184;6.173
;;;;;;;;;;;;;;;828.183;6.1693
;;;;;;;;;;;;;;;829.183;6.1657
;;;;;;;;;;;;;;;830.183;6.1619
;;;;;;;;;;;;;;;831.184;6.1569
;;;;;;;;;;;;;;;832.184;6.1543
;;;;;;;;;;;;;;;833.183;6.1492
;;;;;;;;;;;;;;;834.183;6.1452
;;;;;;;;;;;;;;;835.183;6.1413
;;;;;;;;;;;;;;;836.184;6.1377
;;;;;;;;;;;;;;;837.183;6.1339
;;;;;;;;;;;;;;;838.183;6.1302
;;;;;;;;;;;;;;;839.183;6.1257
;;;;;;;;;;;;;;;840.183;6.1224
;;;;;;;;;;;;;;;841.183;6.1179
;;;;;;;;;;;;;;;842.184;6.114
;;;;;;;;;;;;;;;843.183;6.111
;;;;;;;;;;;;;;;844.183;6.1069
;;;;;;;;;;;;;;;845.183;6.1032
;;;;;;;;;;;;;;;846.183;6.0995
;;;;;;;;;;;;;;;847.183;6.0954
;;;;;;;;;;;;;;;848.183;6.0922
;;;;;;;;;;;;;;;849.184;6.0886
;;;;;;;;;;;;;;;850.184;6.0842
;;;;;;;;;;;;;;;851.183;6.0814
;;;;;;;;;;;;;;;852.183;6.0769
;;;;;;;;;;;;;;;853.183;6.0724
;;;;;;;;;;;;;;;854.184;6.069
;;;;;;;;;;;;;;;855.183;6.0653
;;;;;;;;;;;;;;;856.184;6.0615
;;;;;;;;;;;;;;;857.183;6.0578
;;;;;;;;;;;;;;;858.183;6.0539
;;;;;;;;;;;;;;;859.184;6.05
;;;;;;;;;;;;;;;860.183;6.0452
;;;;;;;;;;;;;;;861.183;6.0423
;;;;;;;;;;;;;;;862.184;6.0387
;;;;;;;;;;;;;;;863.183;6.0341
;;;;;;;;;;;;;;;864.184;6.0301
;;;;;;;;;;;;;;;865.183;6.0258
;;;;;;;;;;;;;;;866.183;6.0222
;;;;;;;;;;;;;;;867.184;6.0185
;;;;;;;;;;;;;;;868.184;6.0144
;;;;;;;;;;;;;;;869.183;6.0103
;;;;;;;;;;;;;;;870.183;6.0065
;;;;;;;;;;;;;;;871.184;6.0023
;;;;;;;;;;;;;;;872.183;5.9982
;;;;;;;;;;;;;;;873.183;5.9944
;;;;;;;;;;;;;;;874.184;5.9914
;;;;;;;;;;;;;;;875.183;5.9871
;;;;;;;;;;;;;;;876.183;5.9821
;;;;;;;;;;;;;;;877.184;5.9785
;;;;;;;;;;;;;;;878.184;5.9741
;;;;;;;;;;;;;;;879.184;5.9703
;;;;;;;;;;;;;;;880.183;5.9655
;;;;;;;;;;;;;;;881.183;5.9622
;;;;;;;;;;;;;;;882.183;5.9589
;;;;;;;;;;;;;;;883.183;5.9538
;;;;;;;;;;;;;;;884.183;5.9504
;;;;;;;;;;;;;;;885.183;5.9473
;;;;;;;;;;;;;;;886.183;5.9433
;;;;;;;;;;;;;;;887.183;5.9395
;;;;;;;;;;;;;;;888.184;5.9358
;;;;;;;;;;;;;;;889.184;5.9324
;;;;;;;;;;;;;;;890.183;5.9279
;;;;;;;;;;;;;;;891.183;5.9241
;;;;;;;;;;;;;;;892.183;5.9208
;;;;;;;;;;;;;;;893.184;5.9175
;;;;;;;;;;;;;;;894.184;5.9139
;;;;;;;;;;;;;;;895.184;5.9099
;;;;;;;;;;;;;;;896.183;5.9058
;;;;;;;;;;;;;;;897.183;5.9028
;;;;;;;;;;;;;;;898.183;5.8996
;;;;;;;;;;;;;;;899.183;5.8957
;;;;;;;;;;;;;;;900.183;5.8919
;;;;;;;;;;;;;;;901.184;5.8889
;;;;;;;;;;;;;;;902.184;5.8852
;;;;;;;;;;;;;;;903.183;5.8819
;;;;;;;;;;;;;;;904.184;5.8762
;;;;;;;;;;;;;;;905.183;5.8739
;;;;;;;;;;;;;;;906.184;5.8702
;;;;;;;;;;;;;;;907.183;5.8661
;;;;;;;;;;;;;;;908.183;5.8632
;;;;;;;;;;;;;;;909.184;5.8589
;;;;;;;;;;;;;;;910.183;5.8553
;;;;;;;;;;;;;;;911.183;5.8517
;;;;;;;;;;;;;;;912.183;5.848
;;;;;;;;;;;;;;;913.184;5.8447
;;;;;;;;;;;;;;;914.183;5.8416
;;;;;;;;;;;;;;;915.183;5.8384
;;;;;;;;;;;;;;;916.184;5.8348
;;;;;;;;;;;;;;;917.184;5.8305
;;;;;;;;;;;;;;;918.183;5.8265
;;;;;;;;;;;;;;;919.183;5.8217
;;;;;;;;;;;;;;;920.184;5.8194
;;;;;;;;;;;;;;;921.183;5.8149
;;;;;;;;;;;;;;;922.184;5.8113
;;;;;;;;;;;;;;;923.183;5.808
;;;;;;;;;;;;;;;924.183;5.8045
;;;;;;;;;;;;;;;925.184;5.8015
;;;;;;;;;;;;;;;926.183;5.7977
;;;;;;;;;;;;;;;927.183;5.7946
;;;;;;;;;;;;;;;928.184;5.7908
;;;;;;;;;;;;;;;929.184;5.787
;;;;;;;;;;;;;;;930.183;5.7835
;;;;;;;;;;;;;;;931.183;5.7802
;;;;;;;;;;;;;;;932.183;5.7775
;;;;;;;;;;;;;;;933.183;5.7729
;;;;;;;;;;;;;;;934.183;5.7697
;;;;;;;;;;;;;;;935.183;5.7657
;;;;;;;;;;;;;;;936.183;5.762
;;;;;;;;;;;;;;;937.183;5.7582
;;;;;;;;;;;;;;;938.184;5.7556
;;;;;;;;;;;;;;;939.184;5.7513
;;;;;;;;;;;;;;;940.183;5.7473
;;;;;;;;;;;;;;;941.183;5.7444
;;;;;;;;;;;;;;;942.183;5.7411
;;;;;;;;;;;;;;;943.184;5.7379
;;;;;;;;;;;;;;;944.184;5.7343
;;;;;;;;;;;;;;;945.184;5.7317
;;;;;;;;;;;;;;;946.183;5.7274
;;;;;;;;;;;;;;;947.183;5.7245
;;;;;;;;;;;;;;;948.183;5.721
;;;;;;;;;;;;;;;949.183;5.7162
;;;;;;;;;;;;;;;950.183;5.713
;;;;;;;;;;;;;;;951.184;5.7103
;;;;;;;;;;;;;;;952.184;5.7073
;;;;;;;;;;;;;;;953.183;5.7021
;;;;;;;;;;;;;;;954.183;5.6989
;;;;;;;;;;;;;;;955.183;5.6951
;;;;;;;;;;;;;;;956.183;5.693
;;;;;;;;;;;;;;;957.183;5.6882
;;;;;;;;;;;;;;;958.184;5.685
;;;;;;;;;;;;;;;959.183;5.6808
;;;;;;;;;;;;;;;960.183;5.6776
;;;;;;;;;;;;;;;961.183;5.6736
;;;;;;;;;;;;;;;962.184;5.6699
;;;;;;;;;;;;;;;963.183;5.6667
;;;;;;;;;;;;;;;964.183;5.6632
;;;;;;;;;;;;;;;965.184;5.6597
;;;;;;;;;;;;;;;966.183;5.656
;;;;;;;;;;;;;;;967.183;5.6531
;;;;;;;;;;;;;;;968.184;5.6498
;;;;;;;;;;;;;;;969.183;5.6383
;;;;;;;;;;;;;;;970.183;5.6326
;;;;;;;;;;;;;;;971.184;5.6327
;;;;;;;;;;;;;;;972.183;5.6303
;;;;;;;;;;;;;;;973.183;5.6182
;;;;;;;;;;;;;;;974.183;5.6157
